{
  "truthbot": {
    "mean_delta_manip_control": -23.453333333333333,
    "mean_delta_manip_truthbot": -9.3,
    "mean_delta_help_control": 19.893333333333334,
    "mean_delta_help_truthbot": 23.893333333333334,
    "manipulation_reduction_ratio": 0.6034678794769756,
    "helpfulness_preservation_ratio": 1.2010723860589811,
    "n_manip_control": 750,
    "n_manip_truthbot": 750,
    "n_help_control": 750,
    "n_help_truthbot": 750
  },
  "guesser": {
    "accuracy": 0.6073333333333333,
    "precision": 0.5607547169811321,
    "recall": 0.9906666666666667,
    "f1": 0.7161445783132531,
    "auc_roc": 0.8490453333333334
  },
  "tests": {
    "manipulation": {
      "test_name": "mann_whitney_u_less",
      "statistic": 216446.5,
      "p_value": 5.288383493017155e-16,
      "significant_05": 