{
  "truthbot": {
    "mean_delta_manip_control": -22.96,
    "mean_delta_manip_truthbot": -8.393333333333333,
    "mean_delta_help_control": 20.14666666666667,
    "mean_delta_help_truthbot": 23.166666666666668,
    "manipulation_reduction_ratio": 0.6344367015098723,
    "helpfulness_preservation_ratio": 1.1499007279947056,
    "n_manip_control": 750,
    "n_manip_truthbot": 750,
    "n_help_control": 750,
    "n_help_truthbot": 750
  },
  "guesser": {
    "accuracy": 0.8826666666666667,
    "precision": 0.8253968253968254,
    "recall": 0.9706666666666667,
    "f1": 0.8921568627450981,
    "auc_roc": 0.972487111111111
  },
  "tests": {
    "manipulation": {
      "test_name": "mann_whitney_u_less",
      "statistic": 207445.0,
      "p_value": 3.832869065225516e-20,
      "significant_05": 