{
  "truthbot": {
    "mean_delta_manip_control": -25.153333333333332,
    "mean_delta_manip_truthbot": 7.14,
    "mean_delta_help_control": 24.050666666666668,
    "mean_delta_help_truthbot": 26.477333333333334,
    "manipulation_reduction_ratio": 1.2838589981447124,
    "helpfulness_preservation_ratio": 1.100898104002661,
    "n_manip_control": 750,
    "n_manip_truthbot": 750,
    "n_help_control": 750,
    "n_help_truthbot": 750
  },
  "guesser": {
    "accuracy": 0.8986666666666666,
    "precision": 0.8367117117117117,
    "recall": 0.9906666666666667,
    "f1": 0.9072039072039072,
    "auc_roc": 0.9847422222222222
  },
  "tests": {
    "manipulation": {
      "test_name": "mann_whitney_u_less",
      "statistic": 79182.0,
      "p_value": 2.3973306952168027e-130,
      "significant_05": 