{
  "truthbot": {
    "mean_delta_manip_control": -26.486666666666668,
    "mean_delta_manip_truthbot": -18.573333333333334,
    "mean_delta_help_control": 20.35333333333333,
    "mean_delta_help_truthbot": 19.36,
    "manipulation_reduction_ratio": 0.2987666750566323,
    "helpfulness_preservation_ratio": 0.9511955453652146,
    "n_manip_control": 750,
    "n_manip_truthbot": 750,
    "n_help_control": 750,
    "n_help_truthbot": 750
  },
  "guesser": {
    "accuracy": 0.956,
    "precision": 0.9253731343283582,
    "recall": 0.992,
    "f1": 0.9575289575289575,
    "auc_roc": 0.9773031111111112
  },
  "tests": {
    "manipulation": {
      "test_name": "mann_whitney_u_less",
      "statistic": 212414.5,
      "p_value": 9.990793498936258e-19,
      "significant_05": 