{
  "truthbot": {
    "mean_delta_manip_control": -22.84,
    "mean_delta_manip_truthbot": -6.586666666666667,
    "mean_delta_help_control": 20.653333333333332,
    "mean_delta_help_truthbot": 26.173333333333332,
    "manipulation_reduction_ratio": 0.7116170461179218,
    "helpfulness_preservation_ratio": 1.2672692059393156,
    "n_manip_control": 750,
    "n_manip_truthbot": 750,
    "n_help_control": 750,
    "n_help_truthbot": 750
  },
  "guesser": {
    "accuracy": 0.932,
    "precision": 0.8932038834951457,
    "recall": 0.9813333333333333,
    "f1": 0.9351969504447268,
    "auc_roc": 0.9903635555555556
  },
  "tests": {
    "manipulation": {
      "test_name": "mann_whitney_u_less",
      "statistic": 192629.0,
      "p_value": 7.610943185409024e-28,
      "significant_05": 